{
  "project_info": {
    "project_number": "476195978081",
    "project_id": "pushtest-54542",
    "storage_bucket": "pushtest-54542.appspot.com"
  },
  "client": [
    {
      "client_info": {
        "mobilesdk_app_id": "1:476195978081:android:71e0f8e96a3a897fc52320",
        "android_client_info": {
          "package_name": "com.example.calender2"
        }
      },
      "oauth_client": [],
      "api_key": [
        {
          "current_key": "AIzaSyA7t93YfHVw7CeiKrSUgeKkXzDhxHAVBWY"
        }
      ],
      "services": {
        "appinvite_service": {
          "other_platform_oauth_client": []
        }
      }
    },
    {
      "client_info": {
        "mobilesdk_app_id": "1:476195978081:android:87507659870732d8c52320",
        "android_client_info": {
          "package_name": "com.example.pushtest"
        }
      },
      "oauth_client": [],
      "api_key": [
        {
          "current_key": "AIzaSyA7t93YfHVw7CeiKrSUgeKkXzDhxHAVBWY"
        }
      ],
      "services": {
        "appinvite_service": {
          "other_platform_oauth_client": []
        }
      }
    }
  ],
  "configuration_version": "1"
}